Workbook

Sheet Imagen
B1: 1 | C1: 2 | D1: 3 | E1: 4 | F1: 5 | G1: 6 | H1: 7 | I1: 8 | J1: 9 | K1: 10 | L1: 11 | M1: 12 | N1: 13 | O1: 14 | P1: 15 | Q1: 16 | R1: 17 | S1: 18 | T1: 19 | U1: 20 | V1: 21 | W1: 22 | X1: 23 | Y1: 24 | Z1: 25 | AA1: 26 | AB1: 27 | AC1: 28 | AD1: 29 | AE1: 30
A2: 1 | B2: 0 | C2: 0 | D2: 0 | E2: 0 | F2: 0 | G2: 0 | H2: 0 | I2: 0 | J2: 0 | K2: 0 | L2: 0 | M2: 0 | N2: 0 | O2: 0 | P2: 0 | Q2: 0 | R2: 0 | S2: 0 | T2: 0 | U2: 0 | V2: 0 | W2: 0 | X2: 0 | Y2: 0 | Z2: 0 | AA2: 0 | AB2: 0 | AC2: 0 | AD2: 0 | AE2: 0
A3: 2 | B3: 0 | C3: 0 | D3: 0 | E3: 0 | F3: 0 | G3: 0 | H3: 0 | I3: 0 | J3: 0 | K3: 0 | L3: 0 | M3: 0 | N3: 0 | O3: 0 | P3: 0 | Q3: 0 | R3: 0 | S3: 0 | T3: 0 | U3: 0 | V3: 0 | W3: 0 | X3: 0 | Y3: 0 | Z3: 0 | AA3: 0 | AB3: 0 | AC3: 0 | AD3: 0 | AE3: 0
A4: 3 | B4: 0 | C4: 0 | D4: 0 | E4: 0 | F4: 0 | G4: 0 | H4: 0 | I4: 0 | J4: 0 | K4: 0 | L4: 0 | M4: 0 | N4: 0 | O4: 0 | P4: 255 | Q4: 0 | R4: 0 | S4: 0 | T4: 0 | U4: 0 | V4: 0 | W4: 0 | X4: 0 | Y4: 0 | Z4: 0 | AA4: 0 | AB4: 0 | AC4: 0 | AD4: 0 | AE4: 0
A5: 4 | B5: 0 | C5: 0 | D5: 0 | E5: 0 | F5: 0 | G5: 0 | H5: 0 | I5: 0 | J5: 0 | K5: 0 | L5: 0 | M5: 0 | N5: 0 | O5: 0 | P5: 255 | Q5: 0 | R5: 0 | S5: 0 | T5: 0 | U5: 0 | V5: 0 | W5: 0 | X5: 0 | Y5: 0 | Z5: 0 | AA5: 0 | AB5: 0 | AC5: 0 | AD5: 0 | AE5: 0
A6: 5 | B6: 0 | C6: 0 | D6: 0 | E6: 0 | F6: 0 | G6: 0 | H6: 0 | I6: 0 | J6: 0 | K6: 0 | L6: 0 | M6: 0 | N6: 0 | O6: 0 | P6: 255 | Q6: 0 | R6: 0 | S6: 0 | T6: 0 | U6: 0 | V6: 0 | W6: 0 | X6: 0 | Y6: 0 | Z6: 0 | AA6: 0 | AB6: 0 | AC6: 0 | AD6: 0 | AE6: 0
A7: 6 | B7: 0 | C7: 0 | D7: 0 | E7: 0 | F7: 0 | G7: 0 | H7: 0 | I7: 0 | J7: 0 | K7: 0 | L7: 0 | M7: 0 | N7: 0 | O7: 255 | P7: 255 | Q7: 255 | R7: 0 | S7: 0 | T7: 0 | U7: 0 | V7: 0 | W7: 0 | X7: 0 | Y7: 0 | Z7: 0 | AA7: 0 | AB7: 0 | AC7: 0 | AD7: 0 | AE7: 0
A8: 7 | B8: 0 | C8: 0 | D8: 0 | E8: 0 | F8: 0 | G8: 0 | H8: 0 | I8: 0 | J8: 0 | K8: 0 | L8: 0 | M8: 0 | N8: 0 | O8: 255 | P8: 255 | Q8: 255 | R8: 0 | S8: 0 | T8: 0 | U8: 0 | V8: 0 | W8: 0 | X8: 0 | Y8: 0 | Z8: 0 | AA8: 0 | AB8: 0 | AC8: 0 | AD8: 0 | AE8: 0
A9: 8 | B9: 0 | C9: 0 | D9: 0 | E9: 0 | F9: 0 | G9: 0 | H9: 0 | I9: 0 | J9: 0 | K9: 0 | L9: 0 | M9: 0 | N9: 255 | O9: 255 | P9: 255 | Q9: 255 | R9: 255 | S9: 0 | T9: 0 | U9: 0 | V9: 0 | W9: 0 | X9: 0 | Y9: 0 | Z9: 0 | AA9: 0 | AB9: 0 | AC9: 0 | AD9: 0 | AE9: 0
A10: 9 | B10: 0 | C10: 0 | D10: 0 | E10: 0 | F10: 0 | G10: 0 | H10: 0 | I10: 0 | J10: 0 | K10: 0 | L10: 0 | M10: 0 | N10: 255 | O10: 255 | P10: 255 | Q10: 255 | R10: 255 | S10: 0 | T10: 0 | U10: 0 | V10: 0 | W10: 0 | X10: 0 | Y10: 0 | Z10: 0 | AA10: 0 | AB10: 0 | AC10: 0 | AD10: 0 | AE10: 0
A11: 10 | B11: 0 | C11: 0 | D11: 0 | E11: 0 | F11: 0 | G11: 0 | H11: 0 | I11: 0 | J11: 0 | K11: 0 | L11: 0 | M11: 0 | N11: 255 | O11: 255 | P11: 255 | Q11: 255 | R11: 255 | S11: 0 | T11: 0 | U11: 0 | V11: 0 | W11: 0 | X11: 0 | Y11: 0 | Z11: 0 | AA11: 0 | AB11: 0 | AC11: 0 | AD11: 0 | AE11: 0
A12: 11 | B12: 0 | C12: 0 | D12: 0 | E12: 0 | F12: 0 | G12: 0 | H12: 255 | I12: 255 | J12: 255 | K12: 255 | L12: 255 | M12: 255 | N12: 255 | O12: 255 | P12: 255 | Q12: 255 | R12: 255 | S12: 255 | T12: 255 | U12: 255 | V12: 255 | W12: 255 | X12: 255 | Y12: 0 | Z12: 0 | AA12: 0 | AB12: 0 | AC12: 0 | AD12: 0 | AE12: 0
A13: 12 | B13: 0 | C13: 0 | D13: 0 | E13: 0 | F13: 255 | G13: 255 | H13: 255 | I13: 255 | J13: 255 | K13: 255 | L13: 255 | M13: 255 | N13: 255 | O13: 255 | P13: 255 | Q13: 255 | R13: 255 | S13: 255 | T13: 255 | U13: 255 | V13: 255 | W13: 255 | X13: 255 | Y13: 255 | Z13: 255 | AA13: 0 | AB13: 0 | AC13: 0 | AD13: 0 | AE13: 0
... A31: 30 | B31: 0 | C31: 0 | D31: 0 | E31: 0 | F31: 0 | G31: 0 | H31: 0 | I31: 0 | J31: 0 | K31: 0 | L31: 0 | M31: 0 | N31: 0 | O31: 0 | P31: 0 | Q31: 0 | R31: 0 | S31: 0 | T31: 0 | U31: 0 | V31: 0 | W31: 0 | X31: 0 | Y31: 0 | Z31: 0 | AA31: 0 | AB31: 0 | AC31: 0 | AD31: 0 | AE31: 0

Sheet Kernels
B2: sharpen
B3: 0 | C3: -1 | D3: 0
B4: -1 | C4: 5 | D4: -1
B5: 0 | C5: -1 | D5: 0
B7: right sobel
B8: -1 | C8: 0 | D8: 1
B9: -2 | C9: 0 | D9: 2
B10: -1 | C10: 0 | D10: 1
B12: left sobel
B13: 1 | C13: 0 | D13: -1
B14: 2 | C14: 0 | D14: -2
B15: 1 | C15: 0 | D15: -1
B17: outline
B18: -1 | C18: -1 | D18: -1
B19: -1 | C19: 8 | D19: -1
B20: -1 | C20: -1 | D20: -1
B22: Kernel propio
B23: 1 | C23: 2 | D23: 1
B24: 0 | C24: 0 | D24: 0
B25: -1 | C25: -2 | D25: -1
B27: Propio 2
B28: 2 | C28: 3 | D28: 5
B29: 7 | C29: 11 | D29: 13
B30: 17 | C30: 19 | D30: 23

Sheet conv - sharpen
B1: 1 | C1: 2 | D1: 3 | E1: 4 | F1: 5 | G1: 6 | H1: 7 | I1: 8 | J1: 9 | K1: 10 | L1: 11 | M1: 12 | N1: 13 | O1: 14 | P1: 15 | Q1: 16 | R1: 17 | S1: 18 | T1: 19 | U1: 20 | V1: 21 | W1: 22 | X1: 23 | Y1: 24 | Z1: 25 | AA1: 26 | AB1: 27 | AC1: 28 | AD1: 29 | AE1: 30
A2: 1 | B2: =SUMPRODUCT(Kernels!$B$3:$D$5,Imagen!B2:D4)/9 -> 0 | C2: =SUMPRODUCT(Kernels!$B$3:$D$5,Imagen!C2:E4)/9 -> 0 | D2: =SUMPRODUCT(Kernels!$B$3:$D$5,Imagen!D2:F4)/9 -> 0 | E2: =SUMPRODUCT(Kernels!$B$3:$D$5,Imagen!E2:G4)/9 -> 0 | F2: =SUMPRODUCT(Kernels!$B$3:$D$5,Imagen!F2:H4)/9 -> 0 | G2: =SUMPRODUCT(Kernels!$B$3:$D$5,Imagen!G2:I4)/9 -> 0 | H2: =SUMPRODUCT(Kernels!$B$3:$D$5,Imagen!H2:J4)/9 -> 0 | I2: =SUMPRODUCT(Kernels!$B$3:$D$5,Imagen!I2:K4)/9 -> 0 | ... AE2: =SUMPRODUCT(Kernels!$B$3:$D$5,Imagen!AE2:AG4)/9 -> 0
A3: 2 | B3: =SUMPRODUCT(Kernels!$B$3:$D$5,Imagen!B3:D5)/9 -> 0 | C3: =SUMPRODUCT(Kernels!$B$3:$D$5,Imagen!C3:E5)/9 -> 0 | D3: =SUMPRODUCT(Kernels!$B$3:$D$5,Imagen!D3:F5)/9 -> 0 | E3: =SUMPRODUCT(Kernels!$B$3:$D$5,Imagen!E3:G5)/9 -> 0 | F3: =SUMPRODUCT(Kernels!$B$3:$D$5,Imagen!F3:H5)/9 -> 0 | G3: =SUMPRODUCT(Kernels!$B$3:$D$5,Imagen!G3:I5)/9 -> 0 | H3: =SUMPRODUCT(Kernels!$B$3:$D$5,Imagen!H3:J5)/9 -> 0 | I3: =SUMPRODUCT(Kernels!$B$3:$D$5,Imagen!I3:K5)/9 -> 0 | ... AE3: =SUMPRODUCT(Kernels!$B$3:$D$5,Imagen!AE3:AG5)/9 -> 0
A4: 3 | B4: =SUMPRODUCT(Kernels!$B$3:$D$5,Imagen!B4:D6)/9 -> 0 | C4: =SUMPRODUCT(Kernels!$B$3:$D$5,Imagen!C4:E6)/9 -> 0 | D4: =SUMPRODUCT(Kernels!$B$3:$D$5,Imagen!D4:F6)/9 -> 0 | E4: =SUMPRODUCT(Kernels!$B$3:$D$5,Imagen!E4:G6)/9 -> 0 | F4: =SUMPRODUCT(Kernels!$B$3:$D$5,Imagen!F4:H6)/9 -> 0 | G4: =SUMPRODUCT(Kernels!$B$3:$D$5,Imagen!G4:I6)/9 -> 0 | H4: =SUMPRODUCT(Kernels!$B$3:$D$5,Imagen!H4:J6)/9 -> 0 | I4: =SUMPRODUCT(Kernels!$B$3:$D$5,Imagen!I4:K6)/9 -> 0 | ... AE4: =SUMPRODUCT(Kernels!$B$3:$D$5,Imagen!AE4:AG6)/9 -> 0
A5: 4 | B5: =SUMPRODUCT(Kernels!$B$3:$D$5,Imagen!B5:D7)/9 -> 0 | C5: =SUMPRODUCT(Kernels!$B$3:$D$5,Imagen!C5:E7)/9 -> 0 | D5: =SUMPRODUCT(Kernels!$B$3:$D$5,Imagen!D5:F7)/9 -> 0 | E5: =SUMPRODUCT(Kernels!$B$3:$D$5,Imagen!E5:G7)/9 -> 0 | F5: =SUMPRODUCT(Kernels!$B$3:$D$5,Imagen!F5:H7)/9 -> 0 | G5: =SUMPRODUCT(Kernels!$B$3:$D$5,Imagen!G5:I7)/9 -> 0 | H5: =SUMPRODUCT(Kernels!$B$3:$D$5,Imagen!H5:J7)/9 -> 0 | I5: =SUMPRODUCT(Kernels!$B$3:$D$5,Imagen!I5:K7)/9 -> 0 | ... AE5: =SUMPRODUCT(Kernels!$B$3:$D$5,Imagen!AE5:AG7)/9 -> 0
A6: 5 | B6: =SUMPRODUCT(Kernels!$B$3:$D$5,Imagen!B6:D8)/9 -> 0 | C6: =SUMPRODUCT(Kernels!$B$3:$D$5,Imagen!C6:E8)/9 -> 0 | D6: =SUMPRODUCT(Kernels!$B$3:$D$5,Imagen!D6:F8)/9 -> 0 | E6: =SUMPRODUCT(Kernels!$B$3:$D$5,Imagen!E6:G8)/9 -> 0 | F6: =SUMPRODUCT(Kernels!$B$3:$D$5,Imagen!F6:H8)/9 -> 0 | G6: =SUMPRODUCT(Kernels!$B$3:$D$5,Imagen!G6:I8)/9 -> 0 | H6: =SUMPRODUCT(Kernels!$B$3:$D$5,Imagen!H6:J8)/9 -> 0 | I6: =SUMPRODUCT(Kernels!$B$3:$D$5,Imagen!I6:K8)/9 -> 0 | ... AE6: =SUMPRODUCT(Kernels!$B$3:$D$5,Imagen!AE6:AG8)/9 -> 0
A7: 6 | B7: =SUMPRODUCT(Kernels!$B$3:$D$5,Imagen!B7:D9)/9 -> 0 | C7: =SUMPRODUCT(Kernels!$B$3:$D$5,Imagen!C7:E9)/9 -> 0 | D7: =SUMPRODUCT(Kernels!$B$3:$D$5,Imagen!D7:F9)/9 -> 0 | E7: =SUMPRODUCT(Kernels!$B$3:$D$5,Imagen!E7:G9)/9 -> 0 | F7: =SUMPRODUCT(Kernels!$B$3:$D$5,Imagen!F7:H9)/9 -> 0 | G7: =SUMPRODUCT(Kernels!$B$3:$D$5,Imagen!G7:I9)/9 -> 0 | H7: =SUMPRODUCT(Kernels!$B$3:$D$5,Imagen!H7:J9)/9 -> 0 | I7: =SUMPRODUCT(Kernels!$B$3:$D$5,Imagen!I7:K9)/9 -> 0 | ... AE7: =SUMPRODUCT(Kernels!$B$3:$D$5,Imagen!AE7:AG9)/9 -> 0
A8: 7 | B8: =SUMPRODUCT(Kernels!$B$3:$D$5,Imagen!B8:D10)/9 -> 0 | C8: =SUMPRODUCT(Kernels!$B$3:$D$5,Imagen!C8:E10)/9 -> 0 | D8: =SUMPRODUCT(Kernels!$B$3:$D$5,Imagen!D8:F10)/9 -> 0 | E8: =SUMPRODUCT(Kernels!$B$3:$D$5,Imagen!E8:G10)/9 -> 0 | F8: =SUMPRODUCT(Kernels!$B$3:$D$5,Imagen!F8:H10)/9 -> 0 | G8: =SUMPRODUCT(Kernels!$B$3:$D$5,Imagen!G8:I10)/9 -> 0 | H8: =SUMPRODUCT(Kernels!$B$3:$D$5,Imagen!H8:J10)/9 -> 0 | I8: =SUMPRODUCT(Kernels!$B$3:$D$5,Imagen!I8:K10)/9 -> 0 | ... AE8: =SUMPRODUCT(Kernels!$B$3:$D$5,Imagen!AE8:AG10)/9 -> 0
A9: 8 | B9: =SUMPRODUCT(Kernels!$B$3:$D$5,Imagen!B9:D11)/9 -> 0 | C9: =SUMPRODUCT(Kernels!$B$3:$D$5,Imagen!C9:E11)/9 -> 0 | D9: =SUMPRODUCT(Kernels!$B$3:$D$5,Imagen!D9:F11)/9 -> 0 | E9: =SUMPRODUCT(Kernels!$B$3:$D$5,Imagen!E9:G11)/9 -> 0 | F9: =SUMPRODUCT(Kernels!$B$3:$D$5,Imagen!F9:H11)/9 -> 0 | G9: =SUMPRODUCT(Kernels!$B$3:$D$5,Imagen!G9:I11)/9 -> 0 | H9: =SUMPRODUCT(Kernels!$B$3:$D$5,Imagen!H9:J11)/9 -> 0 | I9: =SUMPRODUCT(Kernels!$B$3:$D$5,Imagen!I9:K11)/9 -> 0 | ... AE9: =SUMPRODUCT(Kernels!$B$3:$D$5,Imagen!AE9:AG11)/9 -> 0
A10: 9 | B10: =SUMPRODUCT(Kernels!$B$3:$D$5,Imagen!B10:D12)/9 -> 0 | C10: =SUMPRODUCT(Kernels!$B$3:$D$5,Imagen!C10:E12)/9 -> 0 | D10: =SUMPRODUCT(Kernels!$B$3:$D$5,Imagen!D10:F12)/9 -> 0 | E10: =SUMPRODUCT(Kernels!$B$3:$D$5,Imagen!E10:G12)/9 -> 0 | F10: =SUMPRODUCT(Kernels!$B$3:$D$5,Imagen!F10:H12)/9 -> 0 | G10: =SUMPRODUCT(Kernels!$B$3:$D$5,Imagen!G10:I12)/9 -> -28.333333 | H10: =SUMPRODUCT(Kernels!$B$3:$D$5,Imagen!H10:J12)/9 -> -28.333333 | I10: =SUMPRODUCT(Kernels!$B$3:$D$5,Imagen!I10:K12)/9 -> -28.333333 | ... AE10: =SUMPRODUCT(Kernels!$B$3:$D$5,Imagen!AE10:AG12)/9 -> 0
A11: 10 | B11: =SUMPRODUCT(Kernels!$B$3:$D$5,Imagen!B11:D13)/9 -> 0 | C11: =SUMPRODUCT(Kernels!$B$3:$D$5,Imagen!C11:E13)/9 -> 0 | D11: =SUMPRODUCT(Kernels!$B$3:$D$5,Imagen!D11:F13)/9 -> 0 | E11: =SUMPRODUCT(Kernels!$B$3:$D$5,Imagen!E11:G13)/9 -> -28.333333 | F11: =SUMPRODUCT(Kernels!$B$3:$D$5,Imagen!F11:H13)/9 -> -56.666667 | G11: =SUMPRODUCT(Kernels!$B$3:$D$5,Imagen!G11:I13)/9 -> 85 | H11: =SUMPRODUCT(Kernels!$B$3:$D$5,Imagen!H11:J13)/9 -> 56.666667 | I11: =SUMPRODUCT(Kernels!$B$3:$D$5,Imagen!I11:K13)/9 -> 56.666667 | ... AE11: =SUMPRODUCT(Kernels!$B$3:$D$5,Imagen!AE11:AG13)/9 -> 0
A12: 11 | B12: =SUMPRODUCT(Kernels!$B$3:$D$5,Imagen!B12:D14)/9 -> 0 | C12: =SUMPRODUCT(Kernels!$B$3:$D$5,Imagen!C12:E14)/9 -> 0 | D12: =SUMPRODUCT(Kernels!$B$3:$D$5,Imagen!D12:F14)/9 -> -28.333333 | E12: =SUMPRODUCT(Kernels!$B$3:$D$5,Imagen!E12:G14)/9 -> 113.33333 | F12: =SUMPRODUCT(Kernels!$B$3:$D$5,Imagen!F12:H14)/9 -> 56.666667 | G12: =SUMPRODUCT(Kernels!$B$3:$D$5,Imagen!G12:I14)/9 -> 28.333333 | H12: =SUMPRODUCT(Kernels!$B$3:$D$5,Imagen!H12:J14)/9 -> 28.333333 | I12: =SUMPRODUCT(Kernels!$B$3:$D$5,Imagen!I12:K14)/9 -> 28.333333 | ... AE12: =SUMPRODUCT(Kernels!$B$3:$D$5,Imagen!AE12:AG14)/9 -> 0
A13: 12 | B13: =SUMPRODUCT(Kernels!$B$3:$D$5,Imagen!B13:D15)/9 -> 0 | C13: =SUMPRODUCT(Kernels!$B$3:$D$5,Imagen!C13:E15)/9 -> 0 | D13: =SUMPRODUCT(Kernels!$B$3:$D$5,Imagen!D13:F15)/9 -> 0 | E13: =SUMPRODUCT(Kernels!$B$3:$D$5,Imagen!E13:G15)/9 -> -56.666667 | F13: =SUMPRODUCT(Kernels!$B$3:$D$5,Imagen!F13:H15)/9 -> 85 | G13: =SUMPRODUCT(Kernels!$B$3:$D$5,Imagen!G13:I15)/9 -> 28.333333 | H13: =SUMPRODUCT(Kernels!$B$3:$D$5,Imagen!H13:J15)/9 -> 28.333333 | I13: =SUMPRODUCT(Kernels!$B$3:$D$5,Imagen!I13:K15)/9 -> 28.333333 | ... AE13: =SUMPRODUCT(Kernels!$B$3:$D$5,Imagen!AE13:AG15)/9 -> 0
... A31: 30 | B31: =SUMPRODUCT(Kernels!$B$3:$D$5,Imagen!B31:D33)/9 -> 0 | C31: =SUMPRODUCT(Kernels!$B$3:$D$5,Imagen!C31:E33)/9 -> 0 | D31: =SUMPRODUCT(Kernels!$B$3:$D$5,Imagen!D31:F33)/9 -> 0 | E31: =SUMPRODUCT(Kernels!$B$3:$D$5,Imagen!E31:G33)/9 -> 0 | F31: =SUMPRODUCT(Kernels!$B$3:$D$5,Imagen!F31:H33)/9 -> 0 | G31: =SUMPRODUCT(Kernels!$B$3:$D$5,Imagen!G31:I33)/9 -> 0 | H31: =SUMPRODUCT(Kernels!$B$3:$D$5,Imagen!H31:J33)/9 -> 0 | I31: =SUMPRODUCT(Kernels!$B$3:$D$5,Imagen!I31:K33)/9 -> 0 | ... AE31: =SUMPRODUCT(Kernels!$B$3:$D$5,Imagen!AE31:AG33)/9 -> 0

Sheet Conv - Propio
B2: =SUMPRODUCT(Kernels!$B$23:$D$25,Imagen!B2:D4) -> 0 | C2: =SUMPRODUCT(Kernels!$B$23:$D$25,Imagen!C2:E4) -> 0 | D2: =SUMPRODUCT(Kernels!$B$23:$D$25,Imagen!D2:F4) -> 0 | E2: =SUMPRODUCT(Kernels!$B$23:$D$25,Imagen!E2:G4) -> 0 | F2: =SUMPRODUCT(Kernels!$B$23:$D$25,Imagen!F2:H4) -> 0 | G2: =SUMPRODUCT(Kernels!$B$23:$D$25,Imagen!G2:I4) -> 0 | H2: =SUMPRODUCT(Kernels!$B$23:$D$25,Imagen!H2:J4) -> 0 | I2: =SUMPRODUCT(Kernels!$B$23:$D$25,Imagen!I2:K4) -> 0 | ... AE2: =SUMPRODUCT(Kernels!$B$23:$D$25,Imagen!AE2:AG4) -> 0
B3: =SUMPRODUCT(Kernels!$B$23:$D$25,Imagen!B3:D5) -> 0 | C3: =SUMPRODUCT(Kernels!$B$23:$D$25,Imagen!C3:E5) -> 0 | D3: =SUMPRODUCT(Kernels!$B$23:$D$25,Imagen!D3:F5) -> 0 | E3: =SUMPRODUCT(Kernels!$B$23:$D$25,Imagen!E3:G5) -> 0 | F3: =SUMPRODUCT(Kernels!$B$23:$D$25,Imagen!F3:H5) -> 0 | G3: =SUMPRODUCT(Kernels!$B$23:$D$25,Imagen!G3:I5) -> 0 | H3: =SUMPRODUCT(Kernels!$B$23:$D$25,Imagen!H3:J5) -> 0 | I3: =SUMPRODUCT(Kernels!$B$23:$D$25,Imagen!I3:K5) -> 0 | ... AE3: =SUMPRODUCT(Kernels!$B$23:$D$25,Imagen!AE3:AG5) -> 0
B4: =SUMPRODUCT(Kernels!$B$23:$D$25,Imagen!B4:D6) -> 0 | C4: =SUMPRODUCT(Kernels!$B$23:$D$25,Imagen!C4:E6) -> 0 | D4: =SUMPRODUCT(Kernels!$B$23:$D$25,Imagen!D4:F6) -> 0 | E4: =SUMPRODUCT(Kernels!$B$23:$D$25,Imagen!E4:G6) -> 0 | F4: =SUMPRODUCT(Kernels!$B$23:$D$25,Imagen!F4:H6) -> 0 | G4: =SUMPRODUCT(Kernels!$B$23:$D$25,Imagen!G4:I6) -> 0 | H4: =SUMPRODUCT(Kernels!$B$23:$D$25,Imagen!H4:J6) -> 0 | I4: =SUMPRODUCT(Kernels!$B$23:$D$25,Imagen!I4:K6) -> 0 | ... AE4: =SUMPRODUCT(Kernels!$B$23:$D$25,Imagen!AE4:AG6) -> 0
B5: =SUMPRODUCT(Kernels!$B$23:$D$25,Imagen!B5:D7) -> 0 | C5: =SUMPRODUCT(Kernels!$B$23:$D$25,Imagen!C5:E7) -> 0 | D5: =SUMPRODUCT(Kernels!$B$23:$D$25,Imagen!D5:F7) -> 0 | E5: =SUMPRODUCT(Kernels!$B$23:$D$25,Imagen!E5:G7) -> 0 | F5: =SUMPRODUCT(Kernels!$B$23:$D$25,Imagen!F5:H7) -> 0 | G5: =SUMPRODUCT(Kernels!$B$23:$D$25,Imagen!G5:I7) -> 0 | H5: =SUMPRODUCT(Kernels!$B$23:$D$25,Imagen!H5:J7) -> 0 | I5: =SUMPRODUCT(Kernels!$B$23:$D$25,Imagen!I5:K7) -> 0 | ... AE5: =SUMPRODUCT(Kernels!$B$23:$D$25,Imagen!AE5:AG7) -> 0
B6: =SUMPRODUCT(Kernels!$B$23:$D$25,Imagen!B6:D8) -> 0 | C6: =SUMPRODUCT(Kernels!$B$23:$D$25,Imagen!C6:E8) -> 0 | D6: =SUMPRODUCT(Kernels!$B$23:$D$25,Imagen!D6:F8) -> 0 | E6: =SUMPRODUCT(Kernels!$B$23:$D$25,Imagen!E6:G8) -> 0 | F6: =SUMPRODUCT(Kernels!$B$23:$D$25,Imagen!F6:H8) -> 0 | G6: =SUMPRODUCT(Kernels!$B$23:$D$25,Imagen!G6:I8) -> 0 | H6: =SUMPRODUCT(Kernels!$B$23:$D$25,Imagen!H6:J8) -> 0 | I6: =SUMPRODUCT(Kernels!$B$23:$D$25,Imagen!I6:K8) -> 0 | ... AE6: =SUMPRODUCT(Kernels!$B$23:$D$25,Imagen!AE6:AG8) -> 0
B7: =SUMPRODUCT(Kernels!$B$23:$D$25,Imagen!B7:D9) -> 0 | C7: =SUMPRODUCT(Kernels!$B$23:$D$25,Imagen!C7:E9) -> 0 | D7: =SUMPRODUCT(Kernels!$B$23:$D$25,Imagen!D7:F9) -> 0 | E7: =SUMPRODUCT(Kernels!$B$23:$D$25,Imagen!E7:G9) -> 0 | F7: =SUMPRODUCT(Kernels!$B$23:$D$25,Imagen!F7:H9) -> 0 | G7: =SUMPRODUCT(Kernels!$B$23:$D$25,Imagen!G7:I9) -> 0 | H7: =SUMPRODUCT(Kernels!$B$23:$D$25,Imagen!H7:J9) -> 0 | I7: =SUMPRODUCT(Kernels!$B$23:$D$25,Imagen!I7:K9) -> 0 | ... AE7: =SUMPRODUCT(Kernels!$B$23:$D$25,Imagen!AE7:AG9) -> 0
B8: =SUMPRODUCT(Kernels!$B$23:$D$25,Imagen!B8:D10) -> 0 | C8: =SUMPRODUCT(Kernels!$B$23:$D$25,Imagen!C8:E10) -> 0 | D8: =SUMPRODUCT(Kernels!$B$23:$D$25,Imagen!D8:F10) -> 0 | E8: =SUMPRODUCT(Kernels!$B$23:$D$25,Imagen!E8:G10) -> 0 | F8: =SUMPRODUCT(Kernels!$B$23:$D$25,Imagen!F8:H10) -> 0 | G8: =SUMPRODUCT(Kernels!$B$23:$D$25,Imagen!G8:I10) -> 0 | H8: =SUMPRODUCT(Kernels!$B$23:$D$25,Imagen!H8:J10) -> 0 | I8: =SUMPRODUCT(Kernels!$B$23:$D$25,Imagen!I8:K10) -> 0 | ... AE8: =SUMPRODUCT(Kernels!$B$23:$D$25,Imagen!AE8:AG10) -> 0
B9: =SUMPRODUCT(Kernels!$B$23:$D$25,Imagen!B9:D11) -> 0 | C9: =SUMPRODUCT(Kernels!$B$23:$D$25,Imagen!C9:E11) -> 0 | D9: =SUMPRODUCT(Kernels!$B$23:$D$25,Imagen!D9:F11) -> 0 | E9: =SUMPRODUCT(Kernels!$B$23:$D$25,Imagen!E9:G11) -> 0 | F9: =SUMPRODUCT(Kernels!$B$23:$D$25,Imagen!F9:H11) -> 0 | G9: =SUMPRODUCT(Kernels!$B$23:$D$25,Imagen!G9:I11) -> 0 | H9: =SUMPRODUCT(Kernels!$B$23:$D$25,Imagen!H9:J11) -> 0 | I9: =SUMPRODUCT(Kernels!$B$23:$D$25,Imagen!I9:K11) -> 0 | ... AE9: =SUMPRODUCT(Kernels!$B$23:$D$25,Imagen!AE9:AG11) -> 0
B10: =SUMPRODUCT(Kernels!$B$23:$D$25,Imagen!B10:D12) -> 0 | C10: =SUMPRODUCT(Kernels!$B$23:$D$25,Imagen!C10:E12) -> 0 | D10: =SUMPRODUCT(Kernels!$B$23:$D$25,Imagen!D10:F12) -> 0 | E10: =SUMPRODUCT(Kernels!$B$23:$D$25,Imagen!E10:G12) -> 0 | F10: =SUMPRODUCT(Kernels!$B$23:$D$25,Imagen!F10:H12) -> -255 | G10: =SUMPRODUCT(Kernels!$B$23:$D$25,Imagen!G10:I12) -> -765 | H10: =SUMPRODUCT(Kernels!$B$23:$D$25,Imagen!H10:J12) -> -1020 | I10: =SUMPRODUCT(Kernels!$B$23:$D$25,Imagen!I10:K12) -> -1020 | ... AE10: =SUMPRODUCT(Kernels!$B$23:$D$25,Imagen!AE10:AG12) -> 0
B11: =SUMPRODUCT(Kernels!$B$23:$D$25,Imagen!B11:D13) -> 0 | C11: =SUMPRODUCT(Kernels!$B$23:$D$25,Imagen!C11:E13) -> 0 | D11: =SUMPRODUCT(Kernels!$B$23:$D$25,Imagen!D11:F13) -> -255 | E11: =SUMPRODUCT(Kernels!$B$23:$D$25,Imagen!E11:G13) -> -765 | F11: =SUMPRODUCT(Kernels!$B$23:$D$25,Imagen!F11:H13) -> -1020 | G11: =SUMPRODUCT(Kernels!$B$23:$D$25,Imagen!G11:I13) -> -1020 | H11: =SUMPRODUCT(Kernels!$B$23:$D$25,Imagen!H11:J13) -> -1020 | I11: =SUMPRODUCT(Kernels!$B$23:$D$25,Imagen!I11:K13) -> -1020 | ... AE11: =SUMPRODUCT(Kernels!$B$23:$D$25,Imagen!AE11:AG13) -> 0
B12: =SUMPRODUCT(Kernels!$B$23:$D$25,Imagen!B12:D14) -> 0 | C12: =SUMPRODUCT(Kernels!$B$23:$D$25,Imagen!C12:E14) -> 0 | D12: =SUMPRODUCT(Kernels!$B$23:$D$25,Imagen!D12:F14) -> 0 | E12: =SUMPRODUCT(Kernels!$B$23:$D$25,Imagen!E12:G14) -> -255 | F12: =SUMPRODUCT(Kernels!$B$23:$D$25,Imagen!F12:H14) -> -510 | G12: =SUMPRODUCT(Kernels!$B$23:$D$25,Imagen!G12:I14) -> -255 | H12: =SUMPRODUCT(Kernels!$B$23:$D$25,Imagen!H12:J14) -> 0 | I12: =SUMPRODUCT(Kernels!$B$23:$D$25,Imagen!I12:K14) -> 0 | ... AE12: =SUMPRODUCT(Kernels!$B$23:$D$25,Imagen!AE12:AG14) -> 0
B13: =SUMPRODUCT(Kernels!$B$23:$D$25,Imagen!B13:D15) -> 0 | C13: =SUMPRODUCT(Kernels!$B$23:$D$25,Imagen!C13:E15) -> 0 | D13: =SUMPRODUCT(Kernels!$B$23:$D$25,Imagen!D13:F15) -> 255 | E13: =SUMPRODUCT(Kernels!$B$23:$D$25,Imagen!E13:G15) -> 765 | F13: =SUMPRODUCT(Kernels!$B$23:$D$25,Imagen!F13:H15) -> 765 | G13: =SUMPRODUCT(Kernels!$B$23:$D$25,Imagen!G13:I15) -> 255 | H13: =SUMPRODUCT(Kernels!$B$23:$D$25,Imagen!H13:J15) -> 0 | I13: =SUMPRODUCT(Kernels!$B$23:$D$25,Imagen!I13:K15) -> 0 | ... AE13: =SUMPRODUCT(Kernels!$B$23:$D$25,Imagen!AE13:AG15) -> 0
... B31: =SUMPRODUCT(Kernels!$B$23:$D$25,Imagen!B31:D33) -> 0 | C31: =SUMPRODUCT(Kernels!$B$23:$D$25,Imagen!C31:E33) -> 0 | D31: =SUMPRODUCT(Kernels!$B$23:$D$25,Imagen!D31:F33) -> 0 | E31: =SUMPRODUCT(Kernels!$B$23:$D$25,Imagen!E31:G33) -> 0 | F31: =SUMPRODUCT(Kernels!$B$23:$D$25,Imagen!F31:H33) -> 0 | G31: =SUMPRODUCT(Kernels!$B$23:$D$25,Imagen!G31:I33) -> 0 | H31: =SUMPRODUCT(Kernels!$B$23:$D$25,Imagen!H31:J33) -> 0 | I31: =SUMPRODUCT(Kernels!$B$23:$D$25,Imagen!I31:K33) -> 0 | ... AE31: =SUMPRODUCT(Kernels!$B$23:$D$25,Imagen!AE31:AG33) -> 0

Sheet Conv - Propio (2)
B1: 1 | C1: 2 | D1: 3 | E1: 4 | F1: 5 | G1: 6 | H1: 7 | I1: 8 | J1: 9 | K1: 10 | L1: 11 | M1: 12 | N1: 13 | O1: 14 | P1: 15 | Q1: 16 | R1: 17 | S1: 18 | T1: 19 | U1: 20 | V1: 21 | W1: 22 | X1: 23 | Y1: 24 | Z1: 25 | AA1: 26 | AB1: 27 | AC1: 28 | AD1: 29 | AE1: 30
A2: 1 | B2: =SUMPRODUCT(Kernels!$B$28:$D$30,Imagen!B2:D4)/9 -> 0 | C2: =SUMPRODUCT(Kernels!$B$28:$D$30,Imagen!C2:E4)/9 -> 0 | D2: =SUMPRODUCT(Kernels!$B$28:$D$30,Imagen!D2:F4)/9 -> 0 | E2: =SUMPRODUCT(Kernels!$B$28:$D$30,Imagen!E2:G4)/9 -> 0 | F2: =SUMPRODUCT(Kernels!$B$28:$D$30,Imagen!F2:H4)/9 -> 0 | G2: =SUMPRODUCT(Kernels!$B$28:$D$30,Imagen!G2:I4)/9 -> 0 | H2: =SUMPRODUCT(Kernels!$B$28:$D$30,Imagen!H2:J4)/9 -> 0 | I2: =SUMPRODUCT(Kernels!$B$28:$D$30,Imagen!I2:K4)/9 -> 0 | ... AE2: =SUMPRODUCT(Kernels!$B$28:$D$30,Imagen!AE2:AG4)/9 -> 0
A3: 2 | B3: =SUMPRODUCT(Kernels!$B$28:$D$30,Imagen!B3:D5)/9 -> 0 | C3: =SUMPRODUCT(Kernels!$B$28:$D$30,Imagen!C3:E5)/9 -> 0 | D3: =SUMPRODUCT(Kernels!$B$28:$D$30,Imagen!D3:F5)/9 -> 0 | E3: =SUMPRODUCT(Kernels!$B$28:$D$30,Imagen!E3:G5)/9 -> 0 | F3: =SUMPRODUCT(Kernels!$B$28:$D$30,Imagen!F3:H5)/9 -> 0 | G3: =SUMPRODUCT(Kernels!$B$28:$D$30,Imagen!G3:I5)/9 -> 0 | H3: =SUMPRODUCT(Kernels!$B$28:$D$30,Imagen!H3:J5)/9 -> 0 | I3: =SUMPRODUCT(Kernels!$B$28:$D$30,Imagen!I3:K5)/9 -> 0 | ... AE3: =SUMPRODUCT(Kernels!$B$28:$D$30,Imagen!AE3:AG5)/9 -> 0
A4: 3 | B4: =SUMPRODUCT(Kernels!$B$28:$D$30,Imagen!B4:D6)/9 -> 0 | C4: =SUMPRODUCT(Kernels!$B$28:$D$30,Imagen!C4:E6)/9 -> 0 | D4: =SUMPRODUCT(Kernels!$B$28:$D$30,Imagen!D4:F6)/9 -> 0 | E4: =SUMPRODUCT(Kernels!$B$28:$D$30,Imagen!E4:G6)/9 -> 0 | F4: =SUMPRODUCT(Kernels!$B$28:$D$30,Imagen!F4:H6)/9 -> 0 | G4: =SUMPRODUCT(Kernels!$B$28:$D$30,Imagen!G4:I6)/9 -> 0 | H4: =SUMPRODUCT(Kernels!$B$28:$D$30,Imagen!H4:J6)/9 -> 0 | I4: =SUMPRODUCT(Kernels!$B$28:$D$30,Imagen!I4:K6)/9 -> 0 | ... AE4: =SUMPRODUCT(Kernels!$B$28:$D$30,Imagen!AE4:AG6)/9 -> 0
A5: 4 | B5: =SUMPRODUCT(Kernels!$B$28:$D$30,Imagen!B5:D7)/9 -> 0 | C5: =SUMPRODUCT(Kernels!$B$28:$D$30,Imagen!C5:E7)/9 -> 0 | D5: =SUMPRODUCT(Kernels!$B$28:$D$30,Imagen!D5:F7)/9 -> 0 | E5: =SUMPRODUCT(Kernels!$B$28:$D$30,Imagen!E5:G7)/9 -> 0 | F5: =SUMPRODUCT(Kernels!$B$28:$D$30,Imagen!F5:H7)/9 -> 0 | G5: =SUMPRODUCT(Kernels!$B$28:$D$30,Imagen!G5:I7)/9 -> 0 | H5: =SUMPRODUCT(Kernels!$B$28:$D$30,Imagen!H5:J7)/9 -> 0 | I5: =SUMPRODUCT(Kernels!$B$28:$D$30,Imagen!I5:K7)/9 -> 0 | ... AE5: =SUMPRODUCT(Kernels!$B$28:$D$30,Imagen!AE5:AG7)/9 -> 0
A6: 5 | B6: =SUMPRODUCT(Kernels!$B$28:$D$30,Imagen!B6:D8)/9 -> 0 | C6: =SUMPRODUCT(Kernels!$B$28:$D$30,Imagen!C6:E8)/9 -> 0 | D6: =SUMPRODUCT(Kernels!$B$28:$D$30,Imagen!D6:F8)/9 -> 0 | E6: =SUMPRODUCT(Kernels!$B$28:$D$30,Imagen!E6:G8)/9 -> 0 | F6: =SUMPRODUCT(Kernels!$B$28:$D$30,Imagen!F6:H8)/9 -> 0 | G6: =SUMPRODUCT(Kernels!$B$28:$D$30,Imagen!G6:I8)/9 -> 0 | H6: =SUMPRODUCT(Kernels!$B$28:$D$30,Imagen!H6:J8)/9 -> 0 | I6: =SUMPRODUCT(Kernels!$B$28:$D$30,Imagen!I6:K8)/9 -> 0 | ... AE6: =SUMPRODUCT(Kernels!$B$28:$D$30,Imagen!AE6:AG8)/9 -> 0
A7: 6 | B7: =SUMPRODUCT(Kernels!$B$28:$D$30,Imagen!B7:D9)/9 -> 0 | C7: =SUMPRODUCT(Kernels!$B$28:$D$30,Imagen!C7:E9)/9 -> 0 | D7: =SUMPRODUCT(Kernels!$B$28:$D$30,Imagen!D7:F9)/9 -> 0 | E7: =SUMPRODUCT(Kernels!$B$28:$D$30,Imagen!E7:G9)/9 -> 0 | F7: =SUMPRODUCT(Kernels!$B$28:$D$30,Imagen!F7:H9)/9 -> 0 | G7: =SUMPRODUCT(Kernels!$B$28:$D$30,Imagen!G7:I9)/9 -> 0 | H7: =SUMPRODUCT(Kernels!$B$28:$D$30,Imagen!H7:J9)/9 -> 0 | I7: =SUMPRODUCT(Kernels!$B$28:$D$30,Imagen!I7:K9)/9 -> 0 | ... AE7: =SUMPRODUCT(Kernels!$B$28:$D$30,Imagen!AE7:AG9)/9 -> 0
A8: 7 | B8: =SUMPRODUCT(Kernels!$B$28:$D$30,Imagen!B8:D10)/9 -> 0 | C8: =SUMPRODUCT(Kernels!$B$28:$D$30,Imagen!C8:E10)/9 -> 0 | D8: =SUMPRODUCT(Kernels!$B$28:$D$30,Imagen!D8:F10)/9 -> 0 | E8: =SUMPRODUCT(Kernels!$B$28:$D$30,Imagen!E8:G10)/9 -> 0 | F8: =SUMPRODUCT(Kernels!$B$28:$D$30,Imagen!F8:H10)/9 -> 0 | G8: =SUMPRODUCT(Kernels!$B$28:$D$30,Imagen!G8:I10)/9 -> 0 | H8: =SUMPRODUCT(Kernels!$B$28:$D$30,Imagen!H8:J10)/9 -> 0 | I8: =SUMPRODUCT(Kernels!$B$28:$D$30,Imagen!I8:K10)/9 -> 0 | ... AE8: =SUMPRODUCT(Kernels!$B$28:$D$30,Imagen!AE8:AG10)/9 -> 0
A9: 8 | B9: =SUMPRODUCT(Kernels!$B$28:$D$30,Imagen!B9:D11)/9 -> 0 | C9: =SUMPRODUCT(Kernels!$B$28:$D$30,Imagen!C9:E11)/9 -> 0 | D9: =SUMPRODUCT(Kernels!$B$28:$D$30,Imagen!D9:F11)/9 -> 0 | E9: =SUMPRODUCT(Kernels!$B$28:$D$30,Imagen!E9:G11)/9 -> 0 | F9: =SUMPRODUCT(Kernels!$B$28:$D$30,Imagen!F9:H11)/9 -> 0 | G9: =SUMPRODUCT(Kernels!$B$28:$D$30,Imagen!G9:I11)/9 -> 0 | H9: =SUMPRODUCT(Kernels!$B$28:$D$30,Imagen!H9:J11)/9 -> 0 | I9: =SUMPRODUCT(Kernels!$B$28:$D$30,Imagen!I9:K11)/9 -> 0 | ... AE9: =SUMPRODUCT(Kernels!$B$28:$D$30,Imagen!AE9:AG11)/9 -> 0
A10: 9 | B10: =SUMPRODUCT(Kernels!$B$28:$D$30,Imagen!B10:D12)/9 -> 0 | C10: =SUMPRODUCT(Kernels!$B$28:$D$30,Imagen!C10:E12)/9 -> 0 | D10: =SUMPRODUCT(Kernels!$B$28:$D$30,Imagen!D10:F12)/9 -> 0 | E10: =SUMPRODUCT(Kernels!$B$28:$D$30,Imagen!E10:G12)/9 -> 0 | F10: =SUMPRODUCT(Kernels!$B$28:$D$30,Imagen!F10:H12)/9 -> 651.66667 | G10: =SUMPRODUCT(Kernels!$B$28:$D$30,Imagen!G10:I12)/9 -> 1190 | H10: =SUMPRODUCT(Kernels!$B$28:$D$30,Imagen!H10:J12)/9 -> 1671.6667 | I10: =SUMPRODUCT(Kernels!$B$28:$D$30,Imagen!I10:K12)/9 -> 1671.6667 | ... AE10: =SUMPRODUCT(Kernels!$B$28:$D$30,Imagen!AE10:AG12)/9 -> 0
A11: 10 | B11: =SUMPRODUCT(Kernels!$B$28:$D$30,Imagen!B11:D13)/9 -> 0 | C11: =SUMPRODUCT(Kernels!$B$28:$D$30,Imagen!C11:E13)/9 -> 0 | D11: =SUMPRODUCT(Kernels!$B$28:$D$30,Imagen!D11:F13)/9 -> 651.66667 | E11: =SUMPRODUCT(Kernels!$B$28:$D$30,Imagen!E11:G13)/9 -> 1190 | F11: =SUMPRODUCT(Kernels!$B$28:$D$30,Imagen!F11:H13)/9 -> 2040 | G11: =SUMPRODUCT(Kernels!$B$28:$D$30,Imagen!G11:I13)/9 -> 2351.6667 | H11: =SUMPRODUCT(Kernels!$B$28:$D$30,Imagen!H11:J13)/9 -> 2550 | I11: =SUMPRODUCT(Kernels!$B$28:$D$30,Imagen!I11:K13)/9 -> 2550 | ... AE11: =SUMPRODUCT(Kernels!$B$28:$D$30,Imagen!AE11:AG13)/9 -> 0
A12: 11 | B12: =SUMPRODUCT(Kernels!$B$28:$D$30,Imagen!B12:D14)/9 -> 0 | C12: =SUMPRODUCT(Kernels!$B$28:$D$30,Imagen!C12:E14)/9 -> 0 | D12: =SUMPRODUCT(Kernels!$B$28:$D$30,Imagen!D12:F14)/9 -> 368.33333 | E12: =SUMPRODUCT(Kernels!$B$28:$D$30,Imagen!E12:G14)/9 -> 1331.6667 | F12: =SUMPRODUCT(Kernels!$B$28:$D$30,Imagen!F12:H14)/9 -> 2210 | G12: =SUMPRODUCT(Kernels!$B$28:$D$30,Imagen!G12:I14)/9 -> 2776.6667 | H12: =SUMPRODUCT(Kernels!$B$28:$D$30,Imagen!H12:J14)/9 -> 2833.3333 | I12: =SUMPRODUCT(Kernels!$B$28:$D$30,Imagen!I12:K14)/9 -> 2833.3333 | ... AE12: =SUMPRODUCT(Kernels!$B$28:$D$30,Imagen!AE12:AG14)/9 -> 0
A13: 12 | B13: =SUMPRODUCT(Kernels!$B$28:$D$30,Imagen!B13:D15)/9 -> 0 | C13: =SUMPRODUCT(Kernels!$B$28:$D$30,Imagen!C13:E15)/9 -> 0 | D13: =SUMPRODUCT(Kernels!$B$28:$D$30,Imagen!D13:F15)/9 -> 141.66667 | E13: =SUMPRODUCT(Kernels!$B$28:$D$30,Imagen!E13:G15)/9 -> 595 | F13: =SUMPRODUCT(Kernels!$B$28:$D$30,Imagen!F13:H15)/9 -> 1615 | G13: =SUMPRODUCT(Kernels!$B$28:$D$30,Imagen!G13:I15)/9 -> 2351.6667 | H13: =SUMPRODUCT(Kernels!$B$28:$D$30,Imagen!H13:J15)/9 -> 2833.3333 | I13: =SUMPRODUCT(Kernels!$B$28:$D$30,Imagen!I13:K15)/9 -> 2833.3333 | ... AE13: =SUMPRODUCT(Kernels!$B$28:$D$30,Imagen!AE13:AG15)/9 -> 0
... A31: 30 | B31: =SUMPRODUCT(Kernels!$B$28:$D$30,Imagen!B31:D33)/9 -> 0 | C31: =SUMPRODUCT(Kernels!$B$28:$D$30,Imagen!C31:E33)/9 -> 0 | D31: =SUMPRODUCT(Kernels!$B$28:$D$30,Imagen!D31:F33)/9 -> 0 | E31: =SUMPRODUCT(Kernels!$B$28:$D$30,Imagen!E31:G33)/9 -> 0 | F31: =SUMPRODUCT(Kernels!$B$28:$D$30,Imagen!F31:H33)/9 -> 0 | G31: =SUMPRODUCT(Kernels!$B$28:$D$30,Imagen!G31:I33)/9 -> 0 | H31: =SUMPRODUCT(Kernels!$B$28:$D$30,Imagen!H31:J33)/9 -> 0 | I31: =SUMPRODUCT(Kernels!$B$28:$D$30,Imagen!I31:K33)/9 -> 0 | ... AE31: =SUMPRODUCT(Kernels!$B$28:$D$30,Imagen!AE31:AG33)/9 -> 0

Sheet conv - right sobel
B1: 1 | C1: 2 | D1: 3 | E1: 4 | F1: 5 | G1: 6 | H1: 7 | I1: 8 | J1: 9 | K1: 10 | L1: 11 | M1: 12 | N1: 13 | O1: 14 | P1: 15 | Q1: 16 | R1: 17 | S1: 18 | T1: 19 | U1: 20 | V1: 21 | W1: 22 | X1: 23 | Y1: 24 | Z1: 25 | AA1: 26 | AB1: 27 | AC1: 28 | AD1: 29 | AE1: 30
A2: 1 | B2: =SUMPRODUCT(Kernels!$B$8:$D$10,Imagen!B2:D4)/9 -> 0 | C2: =SUMPRODUCT(Kernels!$B$8:$D$10,Imagen!C2:E4)/9 -> 0 | D2: =SUMPRODUCT(Kernels!$B$8:$D$10,Imagen!D2:F4)/9 -> 0 | E2: =SUMPRODUCT(Kernels!$B$8:$D$10,Imagen!E2:G4)/9 -> 0 | F2: =SUMPRODUCT(Kernels!$B$8:$D$10,Imagen!F2:H4)/9 -> 0 | G2: =SUMPRODUCT(Kernels!$B$8:$D$10,Imagen!G2:I4)/9 -> 0 | H2: =SUMPRODUCT(Kernels!$B$8:$D$10,Imagen!H2:J4)/9 -> 0 | I2: =SUMPRODUCT(Kernels!$B$8:$D$10,Imagen!I2:K4)/9 -> 0 | ... AE2: =SUMPRODUCT(Kernels!$B$8:$D$10,Imagen!AE2:AG4)/9 -> 0
A3: 2 | B3: =SUMPRODUCT(Kernels!$B$8:$D$10,Imagen!B3:D5)/9 -> 0 | C3: =SUMPRODUCT(Kernels!$B$8:$D$10,Imagen!C3:E5)/9 -> 0 | D3: =SUMPRODUCT(Kernels!$B$8:$D$10,Imagen!D3:F5)/9 -> 0 | E3: =SUMPRODUCT(Kernels!$B$8:$D$10,Imagen!E3:G5)/9 -> 0 | F3: =SUMPRODUCT(Kernels!$B$8:$D$10,Imagen!F3:H5)/9 -> 0 | G3: =SUMPRODUCT(Kernels!$B$8:$D$10,Imagen!G3:I5)/9 -> 0 | H3: =SUMPRODUCT(Kernels!$B$8:$D$10,Imagen!H3:J5)/9 -> 0 | I3: =SUMPRODUCT(Kernels!$B$8:$D$10,Imagen!I3:K5)/9 -> 0 | ... AE3: =SUMPRODUCT(Kernels!$B$8:$D$10,Imagen!AE3:AG5)/9 -> 0
A4: 3 | B4: =SUMPRODUCT(Kernels!$B$8:$D$10,Imagen!B4:D6)/9 -> 0 | C4: =SUMPRODUCT(Kernels!$B$8:$D$10,Imagen!C4:E6)/9 -> 0 | D4: =SUMPRODUCT(Kernels!$B$8:$D$10,Imagen!D4:F6)/9 -> 0 | E4: =SUMPRODUCT(Kernels!$B$8:$D$10,Imagen!E4:G6)/9 -> 0 | F4: =SUMPRODUCT(Kernels!$B$8:$D$10,Imagen!F4:H6)/9 -> 0 | G4: =SUMPRODUCT(Kernels!$B$8:$D$10,Imagen!G4:I6)/9 -> 0 | H4: =SUMPRODUCT(Kernels!$B$8:$D$10,Imagen!H4:J6)/9 -> 0 | I4: =SUMPRODUCT(Kernels!$B$8:$D$10,Imagen!I4:K6)/9 -> 0 | ... AE4: =SUMPRODUCT(Kernels!$B$8:$D$10,Imagen!AE4:AG6)/9 -> 0
A5: 4 | B5: =SUMPRODUCT(Kernels!$B$8:$D$10,Imagen!B5:D7)/9 -> 0 | C5: =SUMPRODUCT(Kernels!$B$8:$D$10,Imagen!C5:E7)/9 -> 0 | D5: =SUMPRODUCT(Kernels!$B$8:$D$10,Imagen!D5:F7)/9 -> 0 | E5: =SUMPRODUCT(Kernels!$B$8:$D$10,Imagen!E5:G7)/9 -> 0 | F5: =SUMPRODUCT(Kernels!$B$8:$D$10,Imagen!F5:H7)/9 -> 0 | G5: =SUMPRODUCT(Kernels!$B$8:$D$10,Imagen!G5:I7)/9 -> 0 | H5: =SUMPRODUCT(Kernels!$B$8:$D$10,Imagen!H5:J7)/9 -> 0 | I5: =SUMPRODUCT(Kernels!$B$8:$D$10,Imagen!I5:K7)/9 -> 0 | ... AE5: =SUMPRODUCT(Kernels!$B$8:$D$10,Imagen!AE5:AG7)/9 -> 0
A6: 5 | B6: =SUMPRODUCT(Kernels!$B$8:$D$10,Imagen!B6:D8)/9 -> 0 | C6: =SUMPRODUCT(Kernels!$B$8:$D$10,Imagen!C6:E8)/9 -> 0 | D6: =SUMPRODUCT(Kernels!$B$8:$D$10,Imagen!D6:F8)/9 -> 0 | E6: =SUMPRODUCT(Kernels!$B$8:$D$10,Imagen!E6:G8)/9 -> 0 | F6: =SUMPRODUCT(Kernels!$B$8:$D$10,Imagen!F6:H8)/9 -> 0 | G6: =SUMPRODUCT(Kernels!$B$8:$D$10,Imagen!G6:I8)/9 -> 0 | H6: =SUMPRODUCT(Kernels!$B$8:$D$10,Imagen!H6:J8)/9 -> 0 | I6: =SUMPRODUCT(Kernels!$B$8:$D$10,Imagen!I6:K8)/9 -> 0 | ... AE6: =SUMPRODUCT(Kernels!$B$8:$D$10,Imagen!AE6:AG8)/9 -> 0
A7: 6 | B7: =SUMPRODUCT(Kernels!$B$8:$D$10,Imagen!B7:D9)/9 -> 0 | C7: =SUMPRODUCT(Kernels!$B$8:$D$10,Imagen!C7:E9)/9 -> 0 | D7: =SUMPRODUCT(Kernels!$B$8:$D$10,Imagen!D7:F9)/9 -> 0 | E7: =SUMPRODUCT(Kernels!$B$8:$D$10,Imagen!E7:G9)/9 -> 0 | F7: =SUMPRODUCT(Kernels!$B$8:$D$10,Imagen!F7:H9)/9 -> 0 | G7: =SUMPRODUCT(Kernels!$B$8:$D$10,Imagen!G7:I9)/9 -> 0 | H7: =SUMPRODUCT(Kernels!$B$8:$D$10,Imagen!H7:J9)/9 -> 0 | I7: =SUMPRODUCT(Kernels!$B$8:$D$10,Imagen!I7:K9)/9 -> 0 | ... AE7: =SUMPRODUCT(Kernels!$B$8:$D$10,Imagen!AE7:AG9)/9 -> 0
A8: 7 | B8: =SUMPRODUCT(Kernels!$B$8:$D$10,Imagen!B8:D10)/9 -> 0 | C8: =SUMPRODUCT(Kernels!$B$8:$D$10,Imagen!C8:E10)/9 -> 0 | D8: =SUMPRODUCT(Kernels!$B$8:$D$10,Imagen!D8:F10)/9 -> 0 | E8: =SUMPRODUCT(Kernels!$B$8:$D$10,Imagen!E8:G10)/9 -> 0 | F8: =SUMPRODUCT(Kernels!$B$8:$D$10,Imagen!F8:H10)/9 -> 0 | G8: =SUMPRODUCT(Kernels!$B$8:$D$10,Imagen!G8:I10)/9 -> 0 | H8: =SUMPRODUCT(Kernels!$B$8:$D$10,Imagen!H8:J10)/9 -> 0 | I8: =SUMPRODUCT(Kernels!$B$8:$D$10,Imagen!I8:K10)/9 -> 0 | ... AE8: =SUMPRODUCT(Kernels!$B$8:$D$10,Imagen!AE8:AG10)/9 -> 0
A9: 8 | B9: =SUMPRODUCT(Kernels!$B$8:$D$10,Imagen!B9:D11)/9 -> 0 | C9: =SUMPRODUCT(Kernels!$B$8:$D$10,Imagen!C9:E11)/9 -> 0 | D9: =SUMPRODUCT(Kernels!$B$8:$D$10,Imagen!D9:F11)/9 -> 0 | E9: =SUMPRODUCT(Kernels!$B$8:$D$10,Imagen!E9:G11)/9 -> 0 | F9: =SUMPRODUCT(Kernels!$B$8:$D$10,Imagen!F9:H11)/9 -> 0 | G9: =SUMPRODUCT(Kernels!$B$8:$D$10,Imagen!G9:I11)/9 -> 0 | H9: =SUMPRODUCT(Kernels!$B$8:$D$10,Imagen!H9:J11)/9 -> 0 | I9: =SUMPRODUCT(Kernels!$B$8:$D$10,Imagen!I9:K11)/9 -> 0 | ... AE9: =SUMPRODUCT(Kernels!$B$8:$D$10,Imagen!AE9:AG11)/9 -> 0
A10: 9 | B10: =SUMPRODUCT(Kernels!$B$8:$D$10,Imagen!B10:D12)/9 -> 0 | C10: =SUMPRODUCT(Kernels!$B$8:$D$10,Imagen!C10:E12)/9 -> 0 | D10: =SUMPRODUCT(Kernels!$B$8:$D$10,Imagen!D10:F12)/9 -> 0 | E10: =SUMPRODUCT(Kernels!$B$8:$D$10,Imagen!E10:G12)/9 -> 0 | F10: =SUMPRODUCT(Kernels!$B$8:$D$10,Imagen!F10:H12)/9 -> 28.333333 | G10: =SUMPRODUCT(Kernels!$B$8:$D$10,Imagen!G10:I12)/9 -> 28.333333 | H10: =SUMPRODUCT(Kernels!$B$8:$D$10,Imagen!H10:J12)/9 -> 0 | I10: =SUMPRODUCT(Kernels!$B$8:$D$10,Imagen!I10:K12)/9 -> 0 | ... AE10: =SUMPRODUCT(Kernels!$B$8:$D$10,Imagen!AE10:AG12)/9 -> 0
A11: 10 | B11: =SUMPRODUCT(Kernels!$B$8:$D$10,Imagen!B11:D13)/9 -> 0 | C11: =SUMPRODUCT(Kernels!$B$8:$D$10,Imagen!C11:E13)/9 -> 0 | D11: =SUMPRODUCT(Kernels!$B$8:$D$10,Imagen!D11:F13)/9 -> 28.333333 | E11: =SUMPRODUCT(Kernels!$B$8:$D$10,Imagen!E11:G13)/9 -> 28.333333 | F11: =SUMPRODUCT(Kernels!$B$8:$D$10,Imagen!F11:H13)/9 -> 56.666667 | G11: =SUMPRODUCT(Kernels!$B$8:$D$10,Imagen!G11:I13)/9 -> 56.666667 | H11: =SUMPRODUCT(Kernels!$B$8:$D$10,Imagen!H11:J13)/9 -> 0 | I11: =SUMPRODUCT(Kernels!$B$8:$D$10,Imagen!I11:K13)/9 -> 0 | ... AE11: =SUMPRODUCT(Kernels!$B$8:$D$10,Imagen!AE11:AG13)/9 -> 0
A12: 11 | B12: =SUMPRODUCT(Kernels!$B$8:$D$10,Imagen!B12:D14)/9 -> 0 | C12: =SUMPRODUCT(Kernels!$B$8:$D$10,Imagen!C12:E14)/9 -> 0 | D12: =SUMPRODUCT(Kernels!$B$8:$D$10,Imagen!D12:F14)/9 -> 56.666667 | E12: =SUMPRODUCT(Kernels!$B$8:$D$10,Imagen!E12:G14)/9 -> 85 | F12: =SUMPRODUCT(Kernels!$B$8:$D$10,Imagen!F12:H14)/9 -> 56.666667 | G12: =SUMPRODUCT(Kernels!$B$8:$D$10,Imagen!G12:I14)/9 -> 28.333333 | H12: =SUMPRODUCT(Kernels!$B$8:$D$10,Imagen!H12:J14)/9 -> 0 | I12: =SUMPRODUCT(Kernels!$B$8:$D$10,Imagen!I12:K14)/9 -> 0 | ... AE12: =SUMPRODUCT(Kernels!$B$8:$D$10,Imagen!AE12:AG14)/9 -> 0
A13: 12 | B13: =SUMPRODUCT(Kernels!$B$8:$D$10,Imagen!B13:D15)/9 -> 0 | C13: =SUMPRODUCT(Kernels!$B$8:$D$10,Imagen!C13:E15)/9 -> 0 | D13: =SUMPRODUCT(Kernels!$B$8:$D$10,Imagen!D13:F15)/9 -> 28.333333 | E13: =SUMPRODUCT(Kernels!$B$8:$D$10,Imagen!E13:G15)/9 -> 85 | F13: =SUMPRODUCT(Kernels!$B$8:$D$10,Imagen!F13:H15)/9 -> 85 | G13: =SUMPRODUCT(Kernels!$B$8:$D$10,Imagen!G13:I15)/9 -> 28.333333 | H13: =SUMPRODUCT(Kernels!$B$8:$D$10,Imagen!H13:J15)/9 -> 0 | I13: =SUMPRODUCT(Kernels!$B$8:$D$10,Imagen!I13:K15)/9 -> 0 | ... AE13: =SUMPRODUCT(Kernels!$B$8:$D$10,Imagen!AE13:AG15)/9 -> 0
... A31: 30 | B31: =SUMPRODUCT(Kernels!$B$8:$D$10,Imagen!B31:D33)/9 -> 0 | C31: =SUMPRODUCT(Kernels!$B$8:$D$10,Imagen!C31:E33)/9 -> 0 | D31: =SUMPRODUCT(Kernels!$B$8:$D$10,Imagen!D31:F33)/9 -> 0 | E31: =SUMPRODUCT(Kernels!$B$8:$D$10,Imagen!E31:G33)/9 -> 0 | F31: =SUMPRODUCT(Kernels!$B$8:$D$10,Imagen!F31:H33)/9 -> 0 | G31: =SUMPRODUCT(Kernels!$B$8:$D$10,Imagen!G31:I33)/9 -> 0 | H31: =SUMPRODUCT(Kernels!$B$8:$D$10,Imagen!H31:J33)/9 -> 0 | I31: =SUMPRODUCT(Kernels!$B$8:$D$10,Imagen!I31:K33)/9 -> 0 | ... AE31: =SUMPRODUCT(Kernels!$B$8:$D$10,Imagen!AE31:AG33)/9 -> 0

Sheet conv - left sobel 
B1: 1 | C1: 2 | D1: 3 | E1: 4 | F1: 5 | G1: 6 | H1: 7 | I1: 8 | J1: 9 | K1: 10 | L1: 11 | M1: 12 | N1: 13 | O1: 14 | P1: 15 | Q1: 16 | R1: 17 | S1: 18 | T1: 19 | U1: 20 | V1: 21 | W1: 22 | X1: 23 | Y1: 24 | Z1: 25 | AA1: 26 | AB1: 27 | AC1: 28 | AD1: 29 | AE1: 30
A2: 1 | B2: =SUMPRODUCT(Kernels!$B$13:$D$15,Imagen!B2:D4)/9 -> 0 | C2: =SUMPRODUCT(Kernels!$B$13:$D$15,Imagen!C2:E4)/9 -> 0 | D2: =SUMPRODUCT(Kernels!$B$13:$D$15,Imagen!D2:F4)/9 -> 0 | E2: =SUMPRODUCT(Kernels!$B$13:$D$15,Imagen!E2:G4)/9 -> 0 | F2: =SUMPRODUCT(Kernels!$B$13:$D$15,Imagen!F2:H4)/9 -> 0 | G2: =SUMPRODUCT(Kernels!$B$13:$D$15,Imagen!G2:I4)/9 -> 0 | H2: =SUMPRODUCT(Kernels!$B$13:$D$15,Imagen!H2:J4)/9 -> 0 | I2: =SUMPRODUCT(Kernels!$B$13:$D$15,Imagen!I2:K4)/9 -> 0 | ... AE2: =SUMPRODUCT(Kernels!$B$13:$D$15,Imagen!AE2:AG4)/9 -> 0
A3: 2 | B3: =SUMPRODUCT(Kernels!$B$13:$D$15,Imagen!B3:D5)/9 -> 0 | C3: =SUMPRODUCT(Kernels!$B$13:$D$15,Imagen!C3:E5)/9 -> 0 | D3: =SUMPRODUCT(Kernels!$B$13:$D$15,Imagen!D3:F5)/9 -> 0 | E3: =SUMPRODUCT(Kernels!$B$13:$D$15,Imagen!E3:G5)/9 -> 0 | F3: =SUMPRODUCT(Kernels!$B$13:$D$15,Imagen!F3:H5)/9 -> 0 | G3: =SUMPRODUCT(Kernels!$B$13:$D$15,Imagen!G3:I5)/9 -> 0 | H3: =SUMPRODUCT(Kernels!$B$13:$D$15,Imagen!H3:J5)/9 -> 0 | I3: =SUMPRODUCT(Kernels!$B$13:$D$15,Imagen!I3:K5)/9 -> 0 | ... AE3: =SUMPRODUCT(Kernels!$B$13:$D$15,Imagen!AE3:AG5)/9 -> 0
A4: 3 | B4: =SUMPRODUCT(Kernels!$B$13:$D$15,Imagen!B4:D6)/9 -> 0 | C4: =SUMPRODUCT(Kernels!$B$13:$D$15,Imagen!C4:E6)/9 -> 0 | D4: =SUMPRODUCT(Kernels!$B$13:$D$15,Imagen!D4:F6)/9 -> 0 | E4: =SUMPRODUCT(Kernels!$B$13:$D$15,Imagen!E4:G6)/9 -> 0 | F4: =SUMPRODUCT(Kernels!$B$13:$D$15,Imagen!F4:H6)/9 -> 0 | G4: =SUMPRODUCT(Kernels!$B$13:$D$15,Imagen!G4:I6)/9 -> 0 | H4: =SUMPRODUCT(Kernels!$B$13:$D$15,Imagen!H4:J6)/9 -> 0 | I4: =SUMPRODUCT(Kernels!$B$13:$D$15,Imagen!I4:K6)/9 -> 0 | ... AE4: =SUMPRODUCT(Kernels!$B$13:$D$15,Imagen!AE4:AG6)/9 -> 0
A5: 4 | B5: =SUMPRODUCT(Kernels!$B$13:$D$15,Imagen!B5:D7)/9 -> 0 | C5: =SUMPRODUCT(Kernels!$B$13:$D$15,Imagen!C5:E7)/9 -> 0 | D5: =SUMPRODUCT(Kernels!$B$13:$D$15,Imagen!D5:F7)/9 -> 0 | E5: =SUMPRODUCT(Kernels!$B$13:$D$15,Imagen!E5:G7)/9 -> 0 | F5: =SUMPRODUCT(Kernels!$B$13:$D$15,Imagen!F5:H7)/9 -> 0 | G5: =SUMPRODUCT(Kernels!$B$13:$D$15,Imagen!G5:I7)/9 -> 0 | H5: =SUMPRODUCT(Kernels!$B$13:$D$15,Imagen!H5:J7)/9 -> 0 | I5: =SUMPRODUCT(Kernels!$B$13:$D$15,Imagen!I5:K7)/9 -> 0 | ... AE5: =SUMPRODUCT(Kernels!$B$13:$D$15,Imagen!AE5:AG7)/9 -> 0
A6: 5 | B6: =SUMPRODUCT(Kernels!$B$13:$D$15,Imagen!B6:D8)/9 -> 0 | C6: =SUMPRODUCT(Kernels!$B$13:$D$15,Imagen!C6:E8)/9 -> 0 | D6: =SUMPRODUCT(Kernels!$B$13:$D$15,Imagen!D6:F8)/9 -> 0 | E6: =SUMPRODUCT(Kernels!$B$13:$D$15,Imagen!E6:G8)/9 -> 0 | F6: =SUMPRODUCT(Kernels!$B$13:$D$15,Imagen!F6:H8)/9 -> 0 | G6: =SUMPRODUCT(Kernels!$B$13:$D$15,Imagen!G6:I8)/9 -> 0 | H6: =SUMPRODUCT(Kernels!$B$13:$D$15,Imagen!H6:J8)/9 -> 0 | I6: =SUMPRODUCT(Kernels!$B$13:$D$15,Imagen!I6:K8)/9 -> 0 | ... AE6: =SUMPRODUCT(Kernels!$B$13:$D$15,Imagen!AE6:AG8)/9 -> 0
A7: 6 | B7: =SUMPRODUCT(Kernels!$B$13:$D$15,Imagen!B7:D9)/9 -> 0 | C7: =SUMPRODUCT(Kernels!$B$13:$D$15,Imagen!C7:E9)/9 -> 0 | D7: =SUMPRODUCT(Kernels!$B$13:$D$15,Imagen!D7:F9)/9 -> 0 | E7: =SUMPRODUCT(Kernels!$B$13:$D$15,Imagen!E7:G9)/9 -> 0 | F7: =SUMPRODUCT(Kernels!$B$13:$D$15,Imagen!F7:H9)/9 -> 0 | G7: =SUMPRODUCT(Kernels!$B$13:$D$15,Imagen!G7:I9)/9 -> 0 | H7: =SUMPRODUCT(Kernels!$B$13:$D$15,Imagen!H7:J9)/9 -> 0 | I7: =SUMPRODUCT(Kernels!$B$13:$D$15,Imagen!I7:K9)/9 -> 0 | ... AE7: =SUMPRODUCT(Kernels!$B$13:$D$15,Imagen!AE7:AG9)/9 -> 0
A8: 7 | B8: =SUMPRODUCT(Kernels!$B$13:$D$15,Imagen!B8:D10)/9 -> 0 | C8: =SUMPRODUCT(Kernels!$B$13:$D$15,Imagen!C8:E10)/9 -> 0 | D8: =SUMPRODUCT(Kernels!$B$13:$D$15,Imagen!D8:F10)/9 -> 0 | E8: =SUMPRODUCT(Kernels!$B$13:$D$15,Imagen!E8:G10)/9 -> 0 | F8: =SUMPRODUCT(Kernels!$B$13:$D$15,Imagen!F8:H10)/9 -> 0 | G8: =SUMPRODUCT(Kernels!$B$13:$D$15,Imagen!G8:I10)/9 -> 0 | H8: =SUMPRODUCT(Kernels!$B$13:$D$15,Imagen!H8:J10)/9 -> 0 | I8: =SUMPRODUCT(Kernels!$B$13:$D$15,Imagen!I8:K10)/9 -> 0 | ... AE8: =SUMPRODUCT(Kernels!$B$13:$D$15,Imagen!AE8:AG10)/9 -> 0
A9: 8 | B9: =SUMPRODUCT(Kernels!$B$13:$D$15,Imagen!B9:D11)/9 -> 0 | C9: =SUMPRODUCT(Kernels!$B$13:$D$15,Imagen!C9:E11)/9 -> 0 | D9: =SUMPRODUCT(Kernels!$B$13:$D$15,Imagen!D9:F11)/9 -> 0 | E9: =SUMPRODUCT(Kernels!$B$13:$D$15,Imagen!E9:G11)/9 -> 0 | F9: =SUMPRODUCT(Kernels!$B$13:$D$15,Imagen!F9:H11)/9 -> 0 | G9: =SUMPRODUCT(Kernels!$B$13:$D$15,Imagen!G9:I11)/9 -> 0 | H9: =SUMPRODUCT(Kernels!$B$13:$D$15,Imagen!H9:J11)/9 -> 0 | I9: =SUMPRODUCT(Kernels!$B$13:$D$15,Imagen!I9:K11)/9 -> 0 | ... AE9: =SUMPRODUCT(Kernels!$B$13:$D$15,Imagen!AE9:AG11)/9 -> 0
A10: 9 | B10: =SUMPRODUCT(Kernels!$B$13:$D$15,Imagen!B10:D12)/9 -> 0 | C10: =SUMPRODUCT(Kernels!$B$13:$D$15,Imagen!C10:E12)/9 -> 0 | D10: =SUMPRODUCT(Kernels!$B$13:$D$15,Imagen!D10:F12)/9 -> 0 | E10: =SUMPRODUCT(Kernels!$B$13:$D$15,Imagen!E10:G12)/9 -> 0 | F10: =SUMPRODUCT(Kernels!$B$13:$D$15,Imagen!F10:H12)/9 -> -28.333333 | G10: =SUMPRODUCT(Kernels!$B$13:$D$15,Imagen!G10:I12)/9 -> -28.333333 | H10: =SUMPRODUCT(Kernels!$B$13:$D$15,Imagen!H10:J12)/9 -> 0 | I10: =SUMPRODUCT(Kernels!$B$13:$D$15,Imagen!I10:K12)/9 -> 0 | ... AE10: =SUMPRODUCT(Kernels!$B$13:$D$15,Imagen!AE10:AG12)/9 -> 0
A11: 10 | B11: =SUMPRODUCT(Kernels!$B$13:$D$15,Imagen!B11:D13)/9 -> 0 | C11: =SUMPRODUCT(Kernels!$B$13:$D$15,Imagen!C11:E13)/9 -> 0 | D11: =SUMPRODUCT(Kernels!$B$13:$D$15,Imagen!D11:F13)/9 -> -28.333333 | E11: =SUMPRODUCT(Kernels!$B$13:$D$15,Imagen!E11:G13)/9 -> -28.333333 | F11: =SUMPRODUCT(Kernels!$B$13:$D$15,Imagen!F11:H13)/9 -> -56.666667 | G11: =SUMPRODUCT(Kernels!$B$13:$D$15,Imagen!G11:I13)/9 -> -56.666667 | H11: =SUMPRODUCT(Kernels!$B$13:$D$15,Imagen!H11:J13)/9 -> 0 | I11: =SUMPRODUCT(Kernels!$B$13:$D$15,Imagen!I11:K13)/9 -> 0 | ... AE11: =SUMPRODUCT(Kernels!$B$13:$D$15,Imagen!AE11:AG13)/9 -> 0
A12: 11 | B12: =SUMPRODUCT(Kernels!$B$13:$D$15,Imagen!B12:D14)/9 -> 0 | C12: =SUMPRODUCT(Kernels!$B$13:$D$15,Imagen!C12:E14)/9 -> 0 | D12: =SUMPRODUCT(Kernels!$B$13:$D$15,Imagen!D12:F14)/9 -> -56.666667 | E12: =SUMPRODUCT(Kernels!$B$13:$D$15,Imagen!E12:G14)/9 -> -85 | F12: =SUMPRODUCT(Kernels!$B$13:$D$15,Imagen!F12:H14)/9 -> -56.666667 | G12: =SUMPRODUCT(Kernels!$B$13:$D$15,Imagen!G12:I14)/9 -> -28.333333 | H12: =SUMPRODUCT(Kernels!$B$13:$D$15,Imagen!H12:J14)/9 -> 0 | I12: =SUMPRODUCT(Kernels!$B$13:$D$15,Imagen!I12:K14)/9 -> 0 | ... AE12: =SUMPRODUCT(Kernels!$B$13:$D$15,Imagen!AE12:AG14)/9 -> 0
A13: 12 | B13: =SUMPRODUCT(Kernels!$B$13:$D$15,Imagen!B13:D15)/9 -> 0 | C13: =SUMPRODUCT(Kernels!$B$13:$D$15,Imagen!C13:E15)/9 -> 0 | D13: =SUMPRODUCT(Kernels!$B$13:$D$15,Imagen!D13:F15)/9 -> -28.333333 | E13: =SUMPRODUCT(Kernels!$B$13:$D$15,Imagen!E13:G15)/9 -> -85 | F13: =SUMPRODUCT(Kernels!$B$13:$D$15,Imagen!F13:H15)/9 -> -85 | G13: =SUMPRODUCT(Kernels!$B$13:$D$15,Imagen!G13:I15)/9 -> -28.333333 | H13: =SUMPRODUCT(Kernels!$B$13:$D$15,Imagen!H13:J15)/9 -> 0 | I13: =SUMPRODUCT(Kernels!$B$13:$D$15,Imagen!I13:K15)/9 -> 0 | ... AE13: =SUMPRODUCT(Kernels!$B$13:$D$15,Imagen!AE13:AG15)/9 -> 0
... A31: 30 | B31: =SUMPRODUCT(Kernels!$B$13:$D$15,Imagen!B31:D33)/9 -> 0 | C31: =SUMPRODUCT(Kernels!$B$13:$D$15,Imagen!C31:E33)/9 -> 0 | D31: =SUMPRODUCT(Kernels!$B$13:$D$15,Imagen!D31:F33)/9 -> 0 | E31: =SUMPRODUCT(Kernels!$B$13:$D$15,Imagen!E31:G33)/9 -> 0 | F31: =SUMPRODUCT(Kernels!$B$13:$D$15,Imagen!F31:H33)/9 -> 0 | G31: =SUMPRODUCT(Kernels!$B$13:$D$15,Imagen!G31:I33)/9 -> 0 | H31: =SUMPRODUCT(Kernels!$B$13:$D$15,Imagen!H31:J33)/9 -> 0 | I31: =SUMPRODUCT(Kernels!$B$13:$D$15,Imagen!I31:K33)/9 -> 0 | ... AE31: =SUMPRODUCT(Kernels!$B$13:$D$15,Imagen!AE31:AG33)/9 -> 0

Sheet conv - outline
B1: 1 | C1: 2 | D1: 3 | E1: 4 | F1: 5 | G1: 6 | H1: 7 | I1: 8 | J1: 9 | K1: 10 | L1: 11 | M1: 12 | N1: 13 | O1: 14 | P1: 15 | Q1: 16 | R1: 17 | S1: 18 | T1: 19 | U1: 20 | V1: 21 | W1: 22 | X1: 23 | Y1: 24 | Z1: 25 | AA1: 26 | AB1: 27 | AC1: 28 | AD1: 29 | AE1: 30
A2: 1 | B2: =SUMPRODUCT(Kernels!$B$18:$D$20,Imagen!B2:D4)/9 -> 0 | C2: =SUMPRODUCT(Kernels!$B$18:$D$20,Imagen!C2:E4)/9 -> 0 | D2: =SUMPRODUCT(Kernels!$B$18:$D$20,Imagen!D2:F4)/9 -> 0 | E2: =SUMPRODUCT(Kernels!$B$18:$D$20,Imagen!E2:G4)/9 -> 0 | F2: =SUMPRODUCT(Kernels!$B$18:$D$20,Imagen!F2:H4)/9 -> 0 | G2: =SUMPRODUCT(Kernels!$B$18:$D$20,Imagen!G2:I4)/9 -> 0 | H2: =SUMPRODUCT(Kernels!$B$18:$D$20,Imagen!H2:J4)/9 -> 0 | I2: =SUMPRODUCT(Kernels!$B$18:$D$20,Imagen!I2:K4)/9 -> 0 | ... AE2: =SUMPRODUCT(Kernels!$B$18:$D$20,Imagen!AE2:AG4)/9 -> 0
A3: 2 | B3: =SUMPRODUCT(Kernels!$B$18:$D$20,Imagen!B3:D5)/9 -> 0 | C3: =SUMPRODUCT(Kernels!$B$18:$D$20,Imagen!C3:E5)/9 -> 0 | D3: =SUMPRODUCT(Kernels!$B$18:$D$20,Imagen!D3:F5)/9 -> 0 | E3: =SUMPRODUCT(Kernels!$B$18:$D$20,Imagen!E3:G5)/9 -> 0 | F3: =SUMPRODUCT(Kernels!$B$18:$D$20,Imagen!F3:H5)/9 -> 0 | G3: =SUMPRODUCT(Kernels!$B$18:$D$20,Imagen!G3:I5)/9 -> 0 | H3: =SUMPRODUCT(Kernels!$B$18:$D$20,Imagen!H3:J5)/9 -> 0 | I3: =SUMPRODUCT(Kernels!$B$18:$D$20,Imagen!I3:K5)/9 -> 0 | ... AE3: =SUMPRODUCT(Kernels!$B$18:$D$20,Imagen!AE3:AG5)/9 -> 0
A4: 3 | B4: =SUMPRODUCT(Kernels!$B$18:$D$20,Imagen!B4:D6)/9 -> 0 | C4: =SUMPRODUCT(Kernels!$B$18:$D$20,Imagen!C4:E6)/9 -> 0 | D4: =SUMPRODUCT(Kernels!$B$18:$D$20,Imagen!D4:F6)/9 -> 0 | E4: =SUMPRODUCT(Kernels!$B$18:$D$20,Imagen!E4:G6)/9 -> 0 | F4: =SUMPRODUCT(Kernels!$B$18:$D$20,Imagen!F4:H6)/9 -> 0 | G4: =SUMPRODUCT(Kernels!$B$18:$D$20,Imagen!G4:I6)/9 -> 0 | H4: =SUMPRODUCT(Kernels!$B$18:$D$20,Imagen!H4:J6)/9 -> 0 | I4: =SUMPRODUCT(Kernels!$B$18:$D$20,Imagen!I4:K6)/9 -> 0 | ... AE4: =SUMPRODUCT(Kernels!$B$18:$D$20,Imagen!AE4:AG6)/9 -> 0
A5: 4 | B5: =SUMPRODUCT(Kernels!$B$18:$D$20,Imagen!B5:D7)/9 -> 0 | C5: =SUMPRODUCT(Kernels!$B$18:$D$20,Imagen!C5:E7)/9 -> 0 | D5: =SUMPRODUCT(Kernels!$B$18:$D$20,Imagen!D5:F7)/9 -> 0 | E5: =SUMPRODUCT(Kernels!$B$18:$D$20,Imagen!E5:G7)/9 -> 0 | F5: =SUMPRODUCT(Kernels!$B$18:$D$20,Imagen!F5:H7)/9 -> 0 | G5: =SUMPRODUCT(Kernels!$B$18:$D$20,Imagen!G5:I7)/9 -> 0 | H5: =SUMPRODUCT(Kernels!$B$18:$D$20,Imagen!H5:J7)/9 -> 0 | I5: =SUMPRODUCT(Kernels!$B$18:$D$20,Imagen!I5:K7)/9 -> 0 | ... AE5: =SUMPRODUCT(Kernels!$B$18:$D$20,Imagen!AE5:AG7)/9 -> 0
A6: 5 | B6: =SUMPRODUCT(Kernels!$B$18:$D$20,Imagen!B6:D8)/9 -> 0 | C6: =SUMPRODUCT(Kernels!$B$18:$D$20,Imagen!C6:E8)/9 -> 0 | D6: =SUMPRODUCT(Kernels!$B$18:$D$20,Imagen!D6:F8)/9 -> 0 | E6: =SUMPRODUCT(Kernels!$B$18:$D$20,Imagen!E6:G8)/9 -> 0 | F6: =SUMPRODUCT(Kernels!$B$18:$D$20,Imagen!F6:H8)/9 -> 0 | G6: =SUMPRODUCT(Kernels!$B$18:$D$20,Imagen!G6:I8)/9 -> 0 | H6: =SUMPRODUCT(Kernels!$B$18:$D$20,Imagen!H6:J8)/9 -> 0 | I6: =SUMPRODUCT(Kernels!$B$18:$D$20,Imagen!I6:K8)/9 -> 0 | ... AE6: =SUMPRODUCT(Kernels!$B$18:$D$20,Imagen!AE6:AG8)/9 -> 0
A7: 6 | B7: =SUMPRODUCT(Kernels!$B$18:$D$20,Imagen!B7:D9)/9 -> 0 | C7: =SUMPRODUCT(Kernels!$B$18:$D$20,Imagen!C7:E9)/9 -> 0 | D7: =SUMPRODUCT(Kernels!$B$18:$D$20,Imagen!D7:F9)/9 -> 0 | E7: =SUMPRODUCT(Kernels!$B$18:$D$20,Imagen!E7:G9)/9 -> 0 | F7: =SUMPRODUCT(Kernels!$B$18:$D$20,Imagen!F7:H9)/9 -> 0 | G7: =SUMPRODUCT(Kernels!$B$18:$D$20,Imagen!G7:I9)/9 -> 0 | H7: =SUMPRODUCT(Kernels!$B$18:$D$20,Imagen!H7:J9)/9 -> 0 | I7: =SUMPRODUCT(Kernels!$B$18:$D$20,Imagen!I7:K9)/9 -> 0 | ... AE7: =SUMPRODUCT(Kernels!$B$18:$D$20,Imagen!AE7:AG9)/9 -> 0
A8: 7 | B8: =SUMPRODUCT(Kernels!$B$18:$D$20,Imagen!B8:D10)/9 -> 0 | C8: =SUMPRODUCT(Kernels!$B$18:$D$20,Imagen!C8:E10)/9 -> 0 | D8: =SUMPRODUCT(Kernels!$B$18:$D$20,Imagen!D8:F10)/9 -> 0 | E8: =SUMPRODUCT(Kernels!$B$18:$D$20,Imagen!E8:G10)/9 -> 0 | F8: =SUMPRODUCT(Kernels!$B$18:$D$20,Imagen!F8:H10)/9 -> 0 | G8: =SUMPRODUCT(Kernels!$B$18:$D$20,Imagen!G8:I10)/9 -> 0 | H8: =SUMPRODUCT(Kernels!$B$18:$D$20,Imagen!H8:J10)/9 -> 0 | I8: =SUMPRODUCT(Kernels!$B$18:$D$20,Imagen!I8:K10)/9 -> 0 | ... AE8: =SUMPRODUCT(Kernels!$B$18:$D$20,Imagen!AE8:AG10)/9 -> 0
A9: 8 | B9: =SUMPRODUCT(Kernels!$B$18:$D$20,Imagen!B9:D11)/9 -> 0 | C9: =SUMPRODUCT(Kernels!$B$18:$D$20,Imagen!C9:E11)/9 -> 0 | D9: =SUMPRODUCT(Kernels!$B$18:$D$20,Imagen!D9:F11)/9 -> 0 | E9: =SUMPRODUCT(Kernels!$B$18:$D$20,Imagen!E9:G11)/9 -> 0 | F9: =SUMPRODUCT(Kernels!$B$18:$D$20,Imagen!F9:H11)/9 -> 0 | G9: =SUMPRODUCT(Kernels!$B$18:$D$20,Imagen!G9:I11)/9 -> 0 | H9: =SUMPRODUCT(Kernels!$B$18:$D$20,Imagen!H9:J11)/9 -> 0 | I9: =SUMPRODUCT(Kernels!$B$18:$D$20,Imagen!I9:K11)/9 -> 0 | ... AE9: =SUMPRODUCT(Kernels!$B$18:$D$20,Imagen!AE9:AG11)/9 -> 0
A10: 9 | B10: =SUMPRODUCT(Kernels!$B$18:$D$20,Imagen!B10:D12)/9 -> 0 | C10: =SUMPRODUCT(Kernels!$B$18:$D$20,Imagen!C10:E12)/9 -> 0 | D10: =SUMPRODUCT(Kernels!$B$18:$D$20,Imagen!D10:F12)/9 -> 0 | E10: =SUMPRODUCT(Kernels!$B$18:$D$20,Imagen!E10:G12)/9 -> 0 | F10: =SUMPRODUCT(Kernels!$B$18:$D$20,Imagen!F10:H12)/9 -> -28.333333 | G10: =SUMPRODUCT(Kernels!$B$18:$D$20,Imagen!G10:I12)/9 -> -56.666667 | H10: =SUMPRODUCT(Kernels!$B$18:$D$20,Imagen!H10:J12)/9 -> -85 | I10: =SUMPRODUCT(Kernels!$B$18:$D$20,Imagen!I10:K12)/9 -> -85 | ... AE10: =SUMPRODUCT(Kernels!$B$18:$D$20,Imagen!AE10:AG12)/9 -> 0
A11: 10 | B11: =SUMPRODUCT(Kernels!$B$18:$D$20,Imagen!B11:D13)/9 -> 0 | C11: =SUMPRODUCT(Kernels!$B$18:$D$20,Imagen!C11:E13)/9 -> 0 | D11: =SUMPRODUCT(Kernels!$B$18:$D$20,Imagen!D11:F13)/9 -> -28.333333 | E11: =SUMPRODUCT(Kernels!$B$18:$D$20,Imagen!E11:G13)/9 -> -56.666667 | F11: =SUMPRODUCT(Kernels!$B$18:$D$20,Imagen!F11:H13)/9 -> -113.33333 | G11: =SUMPRODUCT(Kernels!$B$18:$D$20,Imagen!G11:I13)/9 -> 113.33333 | H11: =SUMPRODUCT(Kernels!$B$18:$D$20,Imagen!H11:J13)/9 -> 85 | I11: =SUMPRODUCT(Kernels!$B$18:$D$20,Imagen!I11:K13)/9 -> 85 | ... AE11: =SUMPRODUCT(Kernels!$B$18:$D$20,Imagen!AE11:AG13)/9 -> 0
A12: 11 | B12: =SUMPRODUCT(Kernels!$B$18:$D$20,Imagen!B12:D14)/9 -> 0 | C12: =SUMPRODUCT(Kernels!$B$18:$D$20,Imagen!C12:E14)/9 -> 0 | D12: =SUMPRODUCT(Kernels!$B$18:$D$20,Imagen!D12:F14)/9 -> -28.333333 | E12: =SUMPRODUCT(Kernels!$B$18:$D$20,Imagen!E12:G14)/9 -> 170 | F12: =SUMPRODUCT(Kernels!$B$18:$D$20,Imagen!F12:H14)/9 -> 85 | G12: =SUMPRODUCT(Kernels!$B$18:$D$20,Imagen!G12:I14)/9 -> 28.333333 | H12: =SUMPRODUCT(Kernels!$B$18:$D$20,Imagen!H12:J14)/9 -> 0 | I12: =SUMPRODUCT(Kernels!$B$18:$D$20,Imagen!I12:K14)/9 -> 0 | ... AE12: =SUMPRODUCT(Kernels!$B$18:$D$20,Imagen!AE12:AG14)/9 -> 0
A13: 12 | B13: =SUMPRODUCT(Kernels!$B$18:$D$20,Imagen!B13:D15)/9 -> 0 | C13: =SUMPRODUCT(Kernels!$B$18:$D$20,Imagen!C13:E15)/9 -> 0 | D13: =SUMPRODUCT(Kernels!$B$18:$D$20,Imagen!D13:F15)/9 -> -28.333333 | E13: =SUMPRODUCT(Kernels!$B$18:$D$20,Imagen!E13:G15)/9 -> -85 | F13: =SUMPRODUCT(Kernels!$B$18:$D$20,Imagen!F13:H15)/9 -> 85 | G13: =SUMPRODUCT(Kernels!$B$18:$D$20,Imagen!G13:I15)/9 -> 28.333333 | H13: =SUMPRODUCT(Kernels!$B$18:$D$20,Imagen!H13:J15)/9 -> 0 | I13: =SUMPRODUCT(Kernels!$B$18:$D$20,Imagen!I13:K15)/9 -> 0 | ... AE13: =SUMPRODUCT(Kernels!$B$18:$D$20,Imagen!AE13:AG15)/9 -> 0
... A31: 30 | B31: =SUMPRODUCT(Kernels!$B$18:$D$20,Imagen!B31:D33)/9 -> 0 | C31: =SUMPRODUCT(Kernels!$B$18:$D$20,Imagen!C31:E33)/9 -> 0 | D31: =SUMPRODUCT(Kernels!$B$18:$D$20,Imagen!D31:F33)/9 -> 0 | E31: =SUMPRODUCT(Kernels!$B$18:$D$20,Imagen!E31:G33)/9 -> 0 | F31: =SUMPRODUCT(Kernels!$B$18:$D$20,Imagen!F31:H33)/9 -> 0 | G31: =SUMPRODUCT(Kernels!$B$18:$D$20,Imagen!G31:I33)/9 -> 0 | H31: =SUMPRODUCT(Kernels!$B$18:$D$20,Imagen!H31:J33)/9 -> 0 | I31: =SUMPRODUCT(Kernels!$B$18:$D$20,Imagen!I31:K33)/9 -> 0 | ... AE31: =SUMPRODUCT(Kernels!$B$18:$D$20,Imagen!AE31:AG33)/9 -> 0

Sheet Conclusiones 
